image_id,split,codec,is_lossy,quality,raw_bytes,compressed_bytes,compression_ratio,encode_time_ms,decode_time_ms,mse,psnr,ssim,dark_ssim,dark_psnr,banding_score
kodim17,train,png,False,,1179648,533799,2.2099104719192058,24.923040997236967,5.891749984584749,0.0,inf,1.0,1.0,100.0,0.47721517740139713
kodim17,train,webp_lossless,False,100.0,1179648,484768,2.4334279490395407,451.8207910005003,6.302124937064946,0.0,inf,1.0,1.0,100.0,0.47721517740139713
kodim17,train,jpeg,True,50.0,1179648,54260,21.74065610025802,2.4545829510316253,1.9569579744711518,241.01031155056424,24.310447367423855,0.7092230413394803,0.45636612000744375,19.6449139162607,0.8141945572397791
kodim17,train,jpeg,True,75.0,1179648,123922,9.519278255676959,2.557417028583586,2.8820839943364263,163.08617655436197,26.006632097637787,0.8501635988690946,0.7261595074777734,22.785036274505046,0.5752782009503727
kodim17,train,jpeg,True,85.0,1179648,184859,6.381339291027215,2.776790992356837,3.270499990321696,75.32523006863065,29.361398940388227,0.9305920467256037,0.8782180547527746,26.895069964785957,0.5881780187845469
kodim17,train,jpeg,True,95.0,1179648,328005,3.596432981204555,3.4107910469174385,4.575041006319225,9.13133324517144,38.5254616835572,0.9892709227323593,0.983628320596722,35.863935608617965,0.5371503216424716
kodim17,train,webp_lossy,True,50.0,1179648,37744,31.253921153030944,32.45137503836304,5.55658305529505,237.6847407023112,24.37079059836012,0.7247430298946954,0.4847501856730916,20.434804672466488,0.6227591852936069
kodim17,train,webp_lossy,True,75.0,1179648,55284,21.337963967874973,35.64758296124637,6.477707996964455,208.33145819769965,24.9432550719417,0.7574082838789322,0.5445825937772197,20.79942820616013,0.6357112726731347
kodim17,train,webp_lossy,True,85.0,1179648,82446,14.30812895713558,40.37954204250127,8.520749979652464,184.6577207777235,25.467128900882685,0.7810894409652539,0.5903901519745154,21.364139596108927,0.6399484561531702
kodim17,train,webp_lossy,True,95.0,1179648,129396,9.116572382453862,46.08200001530349,12.368540978059173,174.34049055311414,25.71682097214072,0.790334887869319,0.6072361089658405,21.504854637921635,0.6168834365492729
kodim16,train,png,False,,1179648,533590,2.210776064019191,18.507750006392598,5.815000040456653,0.0,inf,1.0,1.0,100.0,0.4773615498726017
kodim16,train,webp_lossless,False,100.0,1179648,484682,2.4338597265836155,358.7447500322014,7.120124995708466,0.0,inf,1.0,1.0,100.0,0.4773615498726017
kodim16,train,jpeg,True,50.0,1179648,54089,21.809388230508976,2.4075000546872616,1.9706670427694917,239.8368437025282,24.33164460722257,0.7090747609542616,0.46288933087349415,19.549900411348617,0.8137991882830422
kodim16,train,jpeg,True,75.0,1179648,123784,9.529890777483358,2.5307919131591916,2.7607090305536985,163.1370595296224,26.005277307842746,0.8501053213800217,0.7286102235164008,22.75826852421328,0.575891932836763
kodim16,train,jpeg,True,85.0,1179648,184853,6.381546417964545,2.7411249466240406,3.21945792529732,75.24771711561415,29.36587032138651,0.9303727854938398,0.8780347747688376,26.93519195590442,0.5889123326300211
kodim16,train,jpeg,True,95.0,1179648,327939,3.597156788305142,3.4567920956760645,4.6301670372486115,9.147822062174479,38.51762652481004,0.9892207013688331,0.9835622416093623,35.9580598663456,0.537515599642873
kodim16,train,webp_lossy,True,50.0,1179648,37714,31.278782415018295,32.078958000056446,5.683541996404529,237.61133744981555,24.372132020232982,0.7244231952567423,0.4883974468149357,20.121942568027404,0.651631335125537
kodim16,train,webp_lossy,True,75.0,1179648,54476,21.654453337249432,35.21933301817626,6.5908749820664525,209.57172054714627,24.91747681978569,0.7549166594595901,0.5435305866391975,20.624810201990197,0.6353863570910752
kodim16,train,webp_lossy,True,85.0,1179648,81552,14.46497939964685,39.80287490412593,8.595208055339754,185.2189415825738,25.45394962732876,0.7797265764750926,0.590751976952895,21.095237934694403,0.6496045108475614
kodim16,train,webp_lossy,True,95.0,1179648,127834,9.227967520377991,45.6477920524776,12.002417002804577,173.99313354492188,25.725482512197466,0.7901954995784028,0.6099591583155008,21.23019895018451,0.6472960198515075
kodim19,train,png,False,,1179648,533549,2.2109459487319816,18.469208967871964,5.729625001549721,0.0,inf,1.0,1.0,100.0,0.4773539253031878
kodim19,train,webp_lossless,False,100.0,1179648,484538,2.434583046118158,383.29204195179045,6.8699580151587725,0.0,inf,1.0,1.0,100.0,0.4773539253031878
kodim19,train,jpeg,True,50.0,1179648,53900,21.885862708719852,2.2854580311104655,1.958209089934826,239.77658420138889,24.332735918159347,0.7077234519285419,0.45276834268917704,19.474604230568424,0.8135401860868338
kodim19,train,jpeg,True,75.0,1179648,123656,9.539755450604904,2.7041250141337514,2.9364159563556314,163.00161488850912,26.008884538032518,0.8497454441324153,0.7256212672462363,22.779146460835445,0.5748836834172627
kodim19,train,jpeg,True,85.0,1179648,184811,6.3829966830978675,2.8536670142784715,3.2853749580681324,75.16028934054904,29.37091917555947,0.9302613457326153,0.8764139615382628,26.908889436884415,0.5887904189222287
kodim19,train,jpeg,True,95.0,1179648,327903,3.597551714988884,3.3986250637099147,4.546541022136807,9.161610073513454,38.51108557004041,0.9891916754129392,0.983313582604338,36.145522299091155,0.5374766341311843
kodim19,train,webp_lossy,True,50.0,1179648,37546,31.41873967932669,32.169834012165666,4.938332946039736,236.94938066270618,24.384247829880955,0.7250350934919788,0.4835859750722039,20.264094753273515,0.6226999950404206
kodim19,train,webp_lossy,True,75.0,1179648,54426,21.67434681953478,35.04070802591741,6.044792011380196,208.8254157172309,24.93297006221502,0.7552352687125411,0.5391876851856668,20.57552758992316,0.6287692429773052
kodim19,train,webp_lossy,True,85.0,1179648,81588,14.458596852478305,40.54229101166129,7.988209021277726,184.52484724256726,25.470255063957524,0.7804416935053152,0.5885994230885588,21.20221754558945,0.645721423493167
kodim19,train,webp_lossy,True,95.0,1179648,128328,9.192444361324107,53.34470805246383,11.656166985630989,173.39966837565103,25.74032098308818,0.7907301130540162,0.6078292335601749,21.299865768219558,0.6480844298083691
kodim20,train,png,False,,1179648,533657,2.2104985037205545,18.2345830835402,5.518916994333267,0.0,inf,1.0,1.0,100.0,0.47736177301154703
kodim20,train,webp_lossless,False,100.0,1179648,484712,2.433709089108584,351.1959579773247,6.837625056505203,0.0,inf,1.0,1.0,100.0,0.47736177301154703
kodim20,train,jpeg,True,50.0,1179648,53935,21.871660331880967,2.4190000258386135,1.9171669846400619,240.27726576063367,24.32367679626159,0.7087117198529046,0.4575190780165632,19.59871104347426,0.813721239741082
kodim20,train,jpeg,True,75.0,1179648,123913,9.519969656129703,2.5127080734819174,2.8207499999552965,162.82398902045355,26.013619705622567,0.8503955614058724,0.7295682173760912,22.747756261530462,0.5757893992790136
kodim20,train,jpeg,True,85.0,1179648,184833,6.382236938209086,2.7864580042660236,3.247415996156633,75.03984069824219,29.377884574578275,0.9306089212396133,0.8784484896218306,26.888808435996012,0.5886277096513057
kodim20,train,jpeg,True,95.0,1179648,327832,3.5983308523878086,3.416124964132905,4.638875019736588,9.145687527126736,38.518640017374,0.9892208454057837,0.9837702703064397,35.96763025929792,0.5374286193326956
kodim20,train,webp_lossy,True,50.0,1179648,37582,31.388643499547655,31.79024998098612,5.359458038583398,237.34674241807727,24.376970854605172,0.724871052751586,0.48402259524250646,20.343910505079812,0.6497643087629555
kodim20,train,webp_lossy,True,75.0,1179648,54634,21.591829263828384,35.90937494300306,6.348291994072497,209.3034676445855,24.923039372763167,0.7550799599198404,0.5400463201583335,20.744987588790895,0.6358480454910834
kodim20,train,webp_lossy,True,85.0,1179648,81556,14.464269949482564,39.835958974435925,8.364374982193112,185.05846405029297,25.457714075822913,0.7801364686314533,0.5895788105297948,21.332112117572436,0.640221648237136
kodim20,train,webp_lossy,True,95.0,1179648,127966,9.218448650422769,46.14275007043034,12.486624997109175,173.7792722913954,25.73082386605122,0.7906447467193427,0.609283654586211,21.438869875147684,0.6488748134539706
kodim10,train,png,False,,1179648,602278,1.9586436828175693,33.183959079906344,9.900584002025425,0.0,inf,1.0,1.0,100.0,0.01588009584098174
kodim10,train,webp_lossless,False,100.0,1179648,440256,2.6794592237243786,1579.0258750785142,10.8946249820292,0.0,inf,1.0,1.0,100.0,0.01588009584098174
kodim10,train,jpeg,True,50.0,1179648,40847,28.879672925796264,2.318291924893856,1.9285830203443766,22.27669440375434,34.652296137161635,0.9073515319307722,0.9128628938563013,33.3977616382259,0.27399725449029266
kodim10,train,jpeg,True,75.0,1179648,61566,19.160705584251048,2.2762500448152423,1.9760829163715243,12.685452779134115,37.09774387854101,0.9350710731917197,0.9453871801642951,36.05338726731482,0.06826951276315563
kodim10,train,jpeg,True,85.0,1179648,86229,13.68040914309571,2.3991249036043882,2.312124939635396,8.224334716796875,38.97979583791154,0.9508158984606666,0.9635038860009848,38.19740280878199,0.01078077728647894
kodim10,train,jpeg,True,95.0,1179648,170381,6.923588897823114,2.7917500119656324,3.088291035965085,3.3885794745551214,42.83062684981882,0.9740044265625166,0.9852882216919344,42.89216299090125,0.0038307546347954246
kodim10,train,webp_lossy,True,50.0,1179648,22186,53.17082845037411,32.81858400441706,4.181583994068205,21.776261223687065,34.750970432674045,0.9089663688454225,0.9112894725891967,33.70635729781084,0.1762447791589884
kodim10,train,webp_lossy,True,75.0,1179648,30848,38.24066390041494,35.57120799086988,4.423124948516488,15.30952877468533,36.28118537491885,0.9263897052535089,0.9345349293999322,35.417077839657736,0.16698151333164163
kodim10,train,webp_lossy,True,85.0,1179648,51148,23.0634237897865,41.06674995273352,5.871457979083061,8.872347513834635,38.65041816862849,0.9487634728471214,0.964095919868911,38.18225937438661,0.11366811412201998
kodim10,train,webp_lossy,True,95.0,1179648,124208,9.497359268324102,54.4157091062516,10.537374997511506,3.5997212727864585,42.56811486316492,0.9778167293730348,0.9857321201590769,42.691563912491794,0.011954800376266625
kodim08,train,png,False,,1179648,773497,1.5250841309016065,32.59187506046146,11.895249946974218,0.0,inf,1.0,1.0,100.0,0.04468102430484876
kodim08,train,webp_lossless,False,100.0,1179648,551410,2.1393300810649065,765.1660830015317,12.634625076316297,0.0,inf,1.0,1.0,100.0,0.04468102430484876
kodim08,train,jpeg,True,50.0,1179648,78289,15.067863940017116,2.4882080033421516,2.4549170630052686,68.49217817518446,29.774393830881294,0.9073047531798709,0.9181642577257566,31.241594682442162,0.12399565226657573
kodim08,train,jpeg,True,75.0,1179648,116012,10.168327414405406,2.535250037908554,2.599458093754947,34.989349365234375,32.69144494112801,0.9428158529917776,0.950503637827635,33.974563288742004,0.03126318360459178
kodim08,train,jpeg,True,85.0,1179648,155600,7.581285347043702,2.669084002263844,3.2332499977201223,19.789219326443142,35.16651698996296,0.9623993137808945,0.9681364076299075,36.292204883442224,0.006126040014772011
kodim08,train,jpeg,True,95.0,1179648,274665,4.294861012506144,3.184999921359122,3.942708019167185,5.2154795328776045,40.957861154288,0.9875001201797438,0.9897664833334114,41.76004052876044,0.0026240609459316474
kodim08,train,webp_lossy,True,50.0,1179648,63922,18.454491411407652,43.2254170300439,6.906667025759816,43.98902808295356,31.69735994318943,0.9316537528362702,0.9454055044794812,33.03397946445781,0.10438866307810613
kodim08,train,webp_lossy,True,75.0,1179648,84274,13.99776918147946,46.94099992047995,8.231666055507958,27.364073859320747,33.75899606894519,0.9544261770364465,0.963623234990269,34.97432171284636,0.10090625365088372
kodim08,train,webp_lossy,True,85.0,1179648,121790,9.685918384103784,52.64383309986442,11.28249999601394,13.544019911024305,36.81332777311506,0.9766776750089825,0.9800206106004716,37.999277586553106,0.07106648660286145
kodim08,train,webp_lossy,True,95.0,1179648,202686,5.820076374293242,65.08412503171712,16.4504999993369,5.117245144314236,41.04044138292358,0.9912920885063867,0.9923213705553326,42.49749304113184,0.010024196335983409
kodim18,train,png,False,,1179648,533721,2.2102334365707925,18.200249993242323,5.578333046287298,0.0,inf,1.0,1.0,100.0,0.47713760781010645
kodim18,train,webp_lossless,False,100.0,1179648,484654,2.434000338385735,394.0992089919746,6.964333006180823,0.0,inf,1.0,1.0,100.0,0.47713760781010645
kodim18,train,jpeg,True,50.0,1179648,54128,21.793674253621045,2.3148750187829137,2.009583986364305,240.7170401679145,24.315735261435503,0.7087350747970428,0.45538860287100685,19.518987717472513,0.8131476732880266
kodim18,train,jpeg,True,75.0,1179648,123714,9.535282991415684,2.555999904870987,2.8027499793097377,163.2895253499349,26.00122034236733,0.8495811680687543,0.7235437585615587,22.82792837144507,0.5751838365090733
kodim18,train,jpeg,True,85.0,1179648,184839,6.382029766445393,2.8003340121358633,3.2339580357074738,75.15599229600694,29.371167476370715,0.9304591206974252,0.8767561319663069,26.724447872775787,0.5885889037132535
kodim18,train,jpeg,True,95.0,1179648,327820,3.5984625709230675,3.385124960914254,4.6045000199228525,9.157185872395834,38.51318331289997,0.9891900488822266,0.9832487513654465,35.87505626623236,0.5369764462402681
kodim18,train,webp_lossy,True,50.0,1179648,37642,31.338611125870038,32.12633298244327,4.950874950736761,237.6066903008355,24.372216959399466,0.7245467130232178,0.48130410115002076,20.29266367739892,0.6414349365477185
kodim18,train,webp_lossy,True,75.0,1179648,54668,21.57840052681642,35.14158399775624,6.181749980896711,209.3742184109158,24.921571576951568,0.7554321711917771,0.5375861107342673,20.6780405935747,0.6277259185700099
kodim18,train,webp_lossy,True,85.0,1179648,81744,14.431004110393424,39.86533300485462,8.18141596391797,185.1265606350369,25.456116281781973,0.7800339345263465,0.5856283060971401,21.281560366105424,0.6394192796777506
kodim18,train,webp_lossy,True,95.0,1179648,128240,9.198752339363693,45.747875003144145,11.686999932862818,174.1610395643446,25.721293525306063,0.7902299033595531,0.6043332104956459,21.36706453641714,0.6487611037797167
kodim24,train,png,False,,1179648,533704,2.2103038388320115,23.52262509521097,6.854041945189238,0.0,inf,1.0,1.0,100.0,0.4775714666061867
kodim24,train,webp_lossless,False,100.0,1179648,484586,2.434341891841696,424.87712495494634,6.683459039777517,0.0,inf,1.0,1.0,100.0,0.4775714666061867
kodim24,train,jpeg,True,50.0,1179648,54012,21.84047989335703,2.259250031784177,1.8849580083042383,240.12535349527994,24.3264234366058,0.709144549661251,0.45429936450267416,19.429453763197564,0.8136306586488299
kodim24,train,jpeg,True,75.0,1179648,123625,9.542147623862487,2.884125104174018,3.2373329158872366,162.99008263481988,26.009191809302386,0.8502109162200201,0.7236250747837853,22.763891921047914,0.5758775495775743
kodim24,train,jpeg,True,85.0,1179648,184742,6.385380693074667,2.7752090245485306,3.224667045287788,75.08871290418837,29.375057007190012,0.9304415403980612,0.8777216893859573,26.904268738931002,0.5890634299060279
kodim24,train,jpeg,True,95.0,1179648,327849,3.5981442676354054,3.37199994828552,4.69895894639194,9.132012261284721,38.52513874934873,0.989225774674647,0.9834712669381968,36.07963603659427,0.5377024753427834
kodim24,train,webp_lossy,True,50.0,1179648,37584,31.386973180076627,31.745375017635524,4.902999964542687,237.033083597819,24.38271394515072,0.7249913639749216,0.4848862622518442,20.12957218933179,0.652225522235356
kodim24,train,webp_lossy,True,75.0,1179648,54428,21.673550378481664,35.16275004949421,6.104291998781264,209.0751749674479,24.92777891965595,0.7557293686159724,0.541497415577547,20.639947545033905,0.6393152126434499
kodim24,train,webp_lossy,True,85.0,1179648,81884,14.406330907136926,39.83529098331928,8.212957996875048,184.6602028740777,25.46707052512125,0.7807246523451582,0.5890861728981511,21.186437859087363,0.6465019295098897
kodim24,train,webp_lossy,True,95.0,1179648,128302,9.194307181493663,45.596875017508864,11.762790963985026,173.64747958713107,25.734118767589635,0.7909980124860848,0.6087491139675294,21.312018100235065,0.6482228247473503
kodim07,train,png,False,,1179648,581489,2.028667782193644,34.853374934755266,10.344749898649752,0.0,inf,1.0,1.0,100.0,0.02016088985996623
kodim07,train,webp_lossless,False,100.0,1179648,418724,2.8172447722127223,1744.566416949965,11.017709039151669,0.0,inf,1.0,1.0,100.0,0.02016088985996623
kodim07,train,jpeg,True,50.0,1179648,45143,26.13136034379638,2.352625015191734,1.9983339589089155,21.54512617323134,34.797313191073584,0.9388990479904358,0.9622080013528462,33.96963391820496,0.3586113444476464
kodim07,train,jpeg,True,75.0,1179648,65844,17.91580098414434,2.35699990298599,2.0563339348882437,11.959881252712673,37.3535349321783,0.9597504638517865,0.9775375907225603,36.64251230203655,0.15031154479191158
kodim07,train,jpeg,True,85.0,1179648,88703,13.298851222619303,2.4070829385891557,2.2362919989973307,7.343018425835504,39.47205742883622,0.9704869910829773,0.9853196724513708,38.9455415494683,0.0537631942573088
kodim07,train,jpeg,True,95.0,1179648,164040,7.191221653255304,2.745083998888731,3.063749987632036,2.79593743218316,43.66552912378542,0.9838302674456991,0.9937041936322162,43.33721145774809,0.010511327005981647
kodim07,train,webp_lossy,True,50.0,1179648,24246,48.653303637713435,33.217665972188115,4.142042016610503,22.529146830240887,34.60335615390608,0.9414033736856631,0.958913569955525,33.486696658602206,0.2626745590481229
kodim07,train,webp_lossy,True,75.0,1179648,32518,36.27676978903992,35.210583941079676,4.640583996661007,14.796519809299046,36.429207809695654,0.9550577792045898,0.9719761010871208,35.69793719242214,0.2488300097326624
kodim07,train,webp_lossy,True,85.0,1179648,47666,24.748206268619143,39.247959037311375,5.671708029694855,8.44699435763889,38.86378156782,0.9683564387661168,0.9827397003820106,38.0249140569402,0.23151354221986192
kodim07,train,webp_lossy,True,95.0,1179648,102336,11.527204502814259,51.090207998640835,9.434958919882774,3.5922359890407987,42.57715501310373,0.9817697244135791,0.9927868117206251,42.17125996870547,0.07270499507653747
kodim11,train,png,False,,1179648,632921,1.8638155472799922,33.13929203432053,9.900458971969783,0.0,inf,1.0,1.0,100.0,0.032345107021699335
kodim11,train,webp_lossless,False,100.0,1179648,448412,2.63072353103842,1913.02162501961,11.48625009227544,0.0,inf,1.0,1.0,100.0,0.032345107021699335
kodim11,train,jpeg,True,50.0,1179648,53315,22.126005814498733,2.4834589567035437,2.1574581041932106,40.12205081515842,32.09697237243767,0.8887944516073826,0.9193807843720707,34.52839692758682,0.36206432949161343
kodim11,train,jpeg,True,75.0,1179648,80311,14.688498462228088,2.41554097738117,2.267707954160869,21.829959445529514,34.740274319658766,0.9297710996410323,0.9458763342472986,37.14201419481822,0.2819596435332687
kodim11,train,jpeg,True,85.0,1179648,109712,10.752224004666765,2.5115410098806024,2.5167500134557486,12.795830620659721,37.06011878205426,0.9530226645909775,0.964871905620628,39.444693111806714,0.13684752747252749
kodim11,train,jpeg,True,95.0,1179648,201608,5.851196381095988,2.886792062781751,3.811792004853487,3.8226021660698786,42.30721259310055,0.9819849001774065,0.9836785775447145,43.873599477678844,0.019839587308317433
kodim11,train,webp_lossy,True,50.0,1179648,36094,32.68266193827229,36.62704094313085,5.100750015117228,32.196038987901474,33.05277916237668,0.8980927724687332,0.9291363377559392,35.756100382649464,0.2795627188057335
kodim11,train,webp_lossy,True,75.0,1179648,51516,22.898672257162822,40.27174995280802,6.147666950710118,20.01251220703125,35.117787510338864,0.9327810746497761,0.94696898991637,37.56130323799689,0.3078489146850662
kodim11,train,webp_lossy,True,85.0,1179648,78066,15.11090615632926,45.09024997241795,8.062958950176835,10.371090359157986,37.97255942755417,0.9621914939211825,0.9651770653909695,39.94590170467055,0.3299513862388213
kodim11,train,webp_lossy,True,95.0,1179648,146558,8.049018136164522,56.69437500182539,12.904583010822535,3.6867548624674478,42.46436099154665,0.9843919571467111,0.9819026484579103,43.61681591016085,0.14723984964364153
kodim04,train,png,False,,1179648,651228,1.8114208848513884,31.805583043023944,11.168583994731307,0.0,inf,1.0,1.0,100.0,0.01834148947033549
kodim04,train,webp_lossless,False,100.0,1179648,457740,2.577113645300826,426.14470794796944,11.586457956582308,0.0,inf,1.0,1.0,100.0,0.01834148947033549
kodim04,train,jpeg,True,50.0,1179648,45381,25.994314801348583,2.342708990909159,1.8695000326260924,25.653662787543404,34.039309791451316,0.8898820628511729,0.9118664051222871,33.741676237054534,0.0982567822643325
kodim04,train,jpeg,True,75.0,1179648,69488,16.976283674879117,2.3242910392582417,2.1410000044852495,15.661458333333334,36.182481614709424,0.9260444528325423,0.9443225307418817,36.30965554121773,0.022540555189902823
kodim04,train,jpeg,True,85.0,1179648,96716,12.197030480995906,2.4455409729853272,2.470583072863519,10.113108317057291,38.08195702065093,0.9472848032925416,0.9612819213461322,38.28756035883822,0.008034075286675832
kodim04,train,jpeg,True,95.0,1179648,185190,6.369933581726875,2.8156250482425094,3.22079099714756,3.6177164713541665,42.54645833654067,0.9768317494112418,0.9835195145188368,42.628252763905465,0.003437990198070499
kodim04,train,webp_lossy,True,50.0,1179648,25008,47.170825335892516,34.22679100185633,4.159333999268711,28.918839348687065,33.5189950221,0.8788436896094943,0.8923481801924406,32.53845419774428,0.09072015854736334
kodim04,train,webp_lossy,True,75.0,1179648,36742,32.10625442273148,37.64916700311005,4.878584062680602,19.518678453233505,35.22629951220519,0.911116079263479,0.924792586700484,34.479309033259405,0.07930638030556247
kodim04,train,webp_lossy,True,85.0,1179648,61390,19.21563772601401,43.718333006836474,6.635291967540979,10.487801445855034,37.9239590413342,0.9472980825273827,0.95546822777132,37.18764869421599,0.055457007447528774
kodim04,train,webp_lossy,True,95.0,1179648,131630,8.961847603129986,55.22579199168831,11.130624916404486,3.99900139702691,42.11128805016216,0.9790604876681229,0.9842956803669333,41.8672408542697,0.015380669568074892
kodim01,train,png,False,,1179648,753927,1.5646713806509118,37.24587499164045,11.47129200398922,0.0,inf,1.0,1.0,100.0,0.03287873982450576
kodim01,train,webp_lossless,False,100.0,1179648,502444,2.3478198565412263,1814.8260000161827,12.263874989002943,0.0,inf,1.0,1.0,100.0,0.03287873982450576
kodim01,train,jpeg,True,50.0,1179648,68446,17.23472518481723,2.4016249226406217,2.303166897036135,64.27306365966797,30.05051359249451,0.8869248113870554,0.9301834620048278,31.560398666762307,0.15225436746388635
kodim01,train,jpeg,True,75.0,1179648,102510,11.507638279192275,2.48504092451185,2.4503329768776894,35.160801357693146,32.67021596250642,0.9332852585274484,0.9591540974145297,34.18560684434249,0.04468443087999374
kodim01,train,jpeg,True,85.0,1179648,139387,8.463113489780252,2.6133329374715686,2.7932500233873725,19.844847785101997,35.15432588758202,0.9592234972398845,0.9732235022595598,36.49505106070612,0.015316659017898119
kodim01,train,jpeg,True,95.0,1179648,248187,4.7530611998211025,3.14691592939198,3.714584046974778,4.443239000108507,41.653806864664126,0.9883367708212135,0.9912701183050575,42.07346898936979,0.005115974219859447
kodim01,train,webp_lossy,True,50.0,1179648,57012,20.69122290044201,42.00541600584984,6.45041698589921,43.028042263454864,31.79328774337312,0.919353650413104,0.9491930023222249,32.948170981504205,0.09546452084857351
kodim01,train,webp_lossy,True,75.0,1179648,77422,15.236599416186614,46.14287510048598,8.013416081666946,25.00860850016276,34.14990832972394,0.951252455520209,0.9671124245490196,35.06044341519543,0.10959123270138389
kodim01,train,webp_lossy,True,85.0,1179648,112524,10.483523514983471,51.66829202789813,10.232375003397465,11.215166727701822,37.63274626561706,0.9768035970559573,0.9829588042972258,38.19154851163476,0.09854454597871858
kodim01,train,webp_lossy,True,95.0,1179648,184600,6.390292524377031,62.416624976322055,15.486833057366312,3.7588975694444446,42.38019869586437,0.9912628890423348,0.9932517303829843,42.54271686180299,0.031650285633183124
kodim21,train,png,False,,1179648,533643,2.210556495634722,18.175250035710633,5.59791608247906,0.0,inf,1.0,1.0,100.0,0.477018994479437
kodim21,train,webp_lossless,False,100.0,1179648,484650,2.4340204271123493,307.3992499848828,5.899791955016553,0.0,inf,1.0,1.0,100.0,0.477018994479437
kodim21,train,jpeg,True,50.0,1179648,54159,21.78119980058716,2.3073749616742134,1.9035000586882234,239.82801140679254,24.331804544614698,0.7089646573210975,0.45747813251073155,19.58487544545138,0.8134528063217203
kodim21,train,jpeg,True,75.0,1179648,124088,9.506543743150022,2.5358330458402634,2.7695000171661377,163.2990197075738,26.000967832155606,0.8499659862345247,0.7263573177006033,22.725753985678022,0.5755816887901882
kodim21,train,jpeg,True,85.0,1179648,185107,6.372789791850119,2.7756670024245977,3.1988329719752073,75.13900248209636,29.37214935636908,0.9304190424873067,0.8781919868496025,26.767677827441034,0.5885877332373899
kodim21,train,jpeg,True,95.0,1179648,328094,3.5954573994038292,3.354166983626783,4.516624961979687,9.157752143012154,38.51291475812375,0.989174137925534,0.9834912110358317,36.02583692881754,0.5373263118448172
kodim21,train,webp_lossy,True,50.0,1179648,37860,31.158161648177497,31.96624992415309,4.919292056001723,236.4761530558268,24.392930091067303,0.7259183989144519,0.48766283542024025,20.28420786389628,0.654558535314694
kodim21,train,webp_lossy,True,75.0,1179648,54614,21.59973633134361,34.84749991912395,6.150875007733703,208.68282063802084,24.935936626850776,0.755430067940313,0.5422487353035863,20.62529610053381,0.6236269460899592
kodim21,train,webp_lossy,True,85.0,1179648,81760,14.428180039138944,39.7415830520913,7.958207977935672,184.7216067843967,25.465626632706023,0.7804044569336342,0.5891659454654868,21.184781023190485,0.6477078791346467
kodim21,train,webp_lossy,True,95.0,1179648,128052,9.212257520382344,45.110250008292496,11.845207889564335,173.539429558648,25.736821953189004,0.7907708463811715,0.6093477319875552,21.333574386851385,0.6491073494159747
kodim13,train,png,False,,1179648,872601,1.3518755995008027,39.66254205442965,10.859958012588322,0.0,inf,1.0,1.0,100.0,0.07165417253320142
kodim13,train,webp_lossless,False,100.0,1179648,604418,1.9517089166768693,719.5160000119358,11.975041008554399,0.0,inf,1.0,1.0,100.0,0.07165417253320142
kodim13,train,jpeg,True,50.0,1179648,83657,14.101007686147005,2.7217919705435634,4.1404590010643005,108.59040408664279,27.77288911640396,0.8628518298528108,0.8717777638278116,29.39730302384977,0.0464688399301788
kodim13,train,jpeg,True,75.0,1179648,128204,9.201335371751272,6.08745904173702,3.045166959054768,53.951895819769966,30.810736508740256,0.9211434596595471,0.9214994835432727,32.09127795728863,0.017668479971226902
kodim13,train,jpeg,True,85.0,1179648,174570,6.7574497336312085,3.0122080352157354,3.400583053007722,27.915963066948784,33.672277457888654,0.9542860753381285,0.9513212862071316,34.53436252653511,0.009640815630065695
kodim13,train,jpeg,True,95.0,1179648,302569,3.89877350290347,3.3895830856636167,4.864207934588194,5.855029635959202,40.455512632185425,0.9888640985945445,0.9875431131450896,40.95219046111853,0.004979382245390181
kodim13,train,webp_lossy,True,50.0,1179648,82408,14.314726725560625,47.9630830232054,8.98370798677206,54.646622551812065,30.75517035431927,0.9225340366668796,0.9202344603578438,31.91478669198562,0.03891933966853696
kodim13,train,webp_lossy,True,75.0,1179648,107044,11.020215985949703,50.70466594770551,10.62674995046109,32.41907077365451,33.022797983399236,0.954250900928602,0.9521511154279171,34.00824388207057,0.03623241500586166
kodim13,train,webp_lossy,True,85.0,1179648,147352,8.0056463434497,56.646957993507385,13.36983300279826,15.375865512424046,36.26240789156054,0.9785613244845693,0.9769497958529264,37.20146411211466,0.03808400547861817
kodim13,train,webp_lossy,True,95.0,1179648,227926,5.175574528575064,67.8925421088934,19.146041944622993,5.516439649793837,40.714214895369494,0.9920747390139555,0.9917287962337261,41.939454641341186,0.013819852387407742
edge_06_mixed_hdr,train,png,False,,1179648,816473,1.444809565043792,31.311416998505592,8.570958976633847,0.0,inf,1.0,1.0,100.0,0.001762397747677847
edge_06_mixed_hdr,train,webp_lossless,False,100.0,1179648,726232,1.6243404311569856,485.6869160430506,10.92358399182558,0.0,inf,1.0,1.0,100.0,0.001762397747677847
edge_06_mixed_hdr,train,jpeg,True,50.0,1179648,24281,48.583172027511225,2.1449169144034386,1.6847079386934638,56.923539055718315,30.577884676181792,0.6324399714385368,0.7867430270839476,35.97253598851185,0.5343752719562654
edge_06_mixed_hdr,train,jpeg,True,75.0,1179648,52163,22.614650231006653,2.2677499800920486,1.9513749284669757,52.699745178222656,30.912718456166417,0.6718902010436875,0.7944153249509146,36.03380616761137,0.02691559300260702
edge_06_mixed_hdr,train,jpeg,True,85.0,1179648,103444,11.403735354394648,2.5755830574780703,2.7564590563997626,47.65472751193576,31.349743702586316,0.7365532192683809,0.8090297099825823,36.28655056011621,0.0030021587961661478
edge_06_mixed_hdr,train,jpeg,True,95.0,1179648,304031,3.880025392147511,3.6634589778259397,5.210749921388924,14.828682793511284,36.41977785761051,0.9024384889758852,0.8693261222714428,37.29776984643149,0.0017080596442441386
edge_06_mixed_hdr,train,webp_lossy,True,50.0,1179648,7020,168.04102564102564,26.773959049023688,3.5157500533387065,58.797508239746094,30.437214392247377,0.6151921846470424,0.7870919876407458,36.001458932915845,0.6933395360873972
edge_06_mixed_hdr,train,webp_lossy,True,75.0,1179648,19900,59.27879396984925,32.640457968227565,4.216250032186508,56.812760247124565,30.58634470887016,0.654280836519893,0.7879039251953112,36.00488298506854,0.6017583261800893
edge_06_mixed_hdr,train,webp_lossy,True,85.0,1179648,59534,19.814694124365907,43.853624956682324,7.031915942206979,48.367752922905815,31.285244495359194,0.7122411303603098,0.8013070312519902,36.04892314936242,0.10674956503940232
edge_06_mixed_hdr,train,webp_lossy,True,95.0,1179648,158406,7.446990644293777,59.47370792273432,13.96549993660301,39.52350870768229,32.16224868658174,0.763437286404541,0.8482340763000455,37.04373841482332,0.0020483481833600075
edge_01_smooth_gradient,train,png,False,,1179648,2460,479.5317073170732,2.770374994724989,1.990457996726036,0.0,inf,1.0,1.0,100.0,0.3671875
edge_01_smooth_gradient,train,webp_lossless,False,100.0,1179648,1074,1098.3687150837989,13.34962504915893,1.5716669149696827,0.0,inf,1.0,1.0,100.0,0.3671875
edge_01_smooth_gradient,train,jpeg,True,50.0,1179648,12817,92.03776234688304,1.830875058658421,1.0897499741986394,1.6037326388888888,46.079483928882404,0.9935213896124567,0.9904875196114967,44.56895100302874,0.796875
edge_01_smooth_gradient,train,jpeg,True,75.0,1179648,15552,75.85185185185185,1.755374949425459,1.0649589821696281,0.7608506944444444,49.31780919525289,0.9955388042904724,0.9947015534131826,48.64911999140779,0.4609375
edge_01_smooth_gradient,train,jpeg,True,85.0,1179648,17760,66.42162162162163,1.7484589479863644,1.0863749776035547,0.5390625,50.81441239778523,0.9970888432363477,0.9950465409090834,48.79424382210363,0.5481770833333334
edge_01_smooth_gradient,train,jpeg,True,95.0,1179648,36681,32.15964668356915,1.9192090258002281,1.3447499368339777,0.5151909722222222,51.01112116664494,0.9950532627272871,0.9930051103685981,49.237786583616,0.4270833333333333
edge_01_smooth_gradient,train,webp_lossy,True,50.0,1179648,1054,1119.2106261859583,17.06175005529076,1.8477499252185225,0.973647223578559,48.24678731099665,0.9941059245784108,0.9923811911363004,46.77089451927469,0.709381103515625
edge_01_smooth_gradient,train,webp_lossy,True,75.0,1179648,1028,1147.5175097276265,17.088084015995264,1.8254999304190278,0.6909264458550347,49.73648544838955,0.9956881585673262,0.9942583753773371,49.77569379136636,0.656402587890625
edge_01_smooth_gradient,train,webp_lossy,True,85.0,1179648,1336,882.9700598802395,20.408166921697557,1.8411249620839953,0.6454594930013021,50.03211368359986,0.9958246251167773,0.995785232769571,51.19258411259976,0.6317113240559896
edge_01_smooth_gradient,train,webp_lossy,True,95.0,1179648,1972,598.1987829614604,21.225959062576294,1.8160420004278421,0.5969653659396701,50.37131225412922,0.9949987976814714,0.9951355907851445,51.16108288959702,0.5289713541666666
edge_05_clean_flat_poster,train,png,False,,1179648,2346,502.83375959079285,2.5956250028684735,1.674833009019494,0.0,inf,1.0,1.0,100.0,1.0
edge_05_clean_flat_poster,train,webp_lossless,False,100.0,1179648,110,10724.072727272727,3.8756249705329537,1.513332943432033,0.0,inf,1.0,1.0,100.0,1.0
edge_05_clean_flat_poster,train,jpeg,True,50.0,1179648,11889,99.221801665405,3.2902919920161366,3.235875046811998,1.1111111111111112,47.673228703072354,0.9998798020425917,1.0,100.0,1.0
edge_05_clean_flat_poster,train,jpeg,True,75.0,1179648,12001,98.29580868260979,2.4674589512869716,1.5551670221611857,0.4444444444444444,51.65262878979273,0.9999739274015114,1.0,100.0,1.0
edge_05_clean_flat_poster,train,jpeg,True,85.0,1179648,12113,97.38693965161397,3.7283749552443624,1.6623330302536488,0.4444444444444444,51.65262878979273,0.9999739274015114,1.0,100.0,1.0
edge_05_clean_flat_poster,train,jpeg,True,95.0,1179648,12353,95.49485954828786,1.7773750005289912,1.7199170542880893,0.4444444444444444,51.65262878979273,0.9999739274015114,1.0,100.0,1.0
edge_05_clean_flat_poster,train,webp_lossy,True,50.0,1179648,1022,1154.2544031311154,16.012500040233135,1.9073750590905547,4.072078280978733,42.03264242651605,0.9964914930143759,1.0,100.0,0.9434278125865234
edge_05_clean_flat_poster,train,webp_lossy,True,75.0,1179648,1030,1145.2893203883496,14.5819999743253,1.6177919460460544,3.8551262749565973,42.270417528989135,0.9972827013238977,1.0,100.0,0.96614753763089
edge_05_clean_flat_poster,train,webp_lossy,True,85.0,1179648,890,1325.4471910112359,14.810417080298066,1.5546249924227595,3.7711893717447915,42.366020196479646,0.9978521145484546,1.0,100.0,0.996970611092932
edge_05_clean_flat_poster,train,webp_lossy,True,95.0,1179648,888,1328.4324324324325,14.468334033153951,1.3832090189680457,3.7647569444444446,42.37343417806342,0.9978741844695826,1.0,100.0,0.9986910994764397
kodim06,val,png,False,,1179648,655035,1.8008930820490507,31.548834056593478,9.337833034805954,0.0,inf,1.0,1.0,100.0,0.043805568768065566
kodim06,val,webp_lossless,False,100.0,1179648,464650,2.5387883353061445,1862.5146249542013,11.481250054202974,0.0,inf,1.0,1.0,100.0,0.043805568768065566
kodim06,val,jpeg,True,50.0,1179648,56533,20.866538128172927,2.2968329722061753,2.241792040877044,47.147865295410156,31.396183268149535,0.8977304780566543,0.9304776913188022,31.682315234829655,0.30168139178216236
kodim06,val,jpeg,True,75.0,1179648,84246,14.00242147995157,2.3572499630972743,2.2171250311657786,24.98326873779297,34.15431101292788,0.9372448864858941,0.9594721580647223,34.28549677069496,0.1712592844588082
kodim06,val,jpeg,True,85.0,1179648,114267,10.323610491217936,2.554332953877747,2.6232909876853228,14.470525953504774,36.5259604436161,0.9581958074109925,0.9742378150751825,36.62439756037135,0.10627306966216153
kodim06,val,jpeg,True,95.0,1179648,209536,5.629810629199755,2.9565829318016768,3.4036249853670597,4.034747653537327,42.07263983173722,0.9835223453835189,0.991349532712314,42.15968652200733,0.049729307361723506
kodim06,val,webp_lossy,True,50.0,1179648,42610,27.684768833607134,38.15929195843637,5.390959093347192,35.36839040120443,32.64465065140839,0.9142119902333797,0.9399598812462303,32.47644543487314,0.1792968516637792
kodim06,val,webp_lossy,True,75.0,1179648,58612,20.12639050023886,41.33295908104628,6.651707924902439,21.916319953070747,34.72312728858897,0.9446550096552816,0.9607053965555136,34.54052016526934,0.19130063755938656
kodim06,val,webp_lossy,True,85.0,1179648,86796,13.591041061800082,46.679083025082946,8.455957984551787,11.081089443630642,37.684979004666644,0.9682702385206007,0.9783698102714741,37.52159908134673,0.19115565223396175
kodim06,val,webp_lossy,True,95.0,1179648,155026,7.6093558499864535,57.19600000884384,13.274917029775679,4.009476555718316,42.09992682462584,0.9862799158209757,0.9916411998032674,41.94158715396532,0.08156449051851582
kodim12,val,png,False,,1179648,580778,2.0311513177152025,40.769416955299675,10.484374943189323,0.0,inf,1.0,1.0,100.0,0.017274165272360763
kodim12,val,webp_lossless,False,100.0,1179648,402342,2.931953412768242,1447.2327919211239,10.71887498255819,0.0,inf,1.0,1.0,100.0,0.017274165272360763
kodim12,val,jpeg,True,50.0,1179648,38225,30.86064094179202,2.2377920104190707,1.7264169873669744,20.047938028971355,35.110106496817906,0.9025630528831119,0.9819703592936259,33.433905703381434,0.2793625811528625
kodim12,val,jpeg,True,75.0,1179648,57470,20.52632677918914,2.2151670418679714,1.9398750737309456,11.93310801188151,37.36326789233115,0.9338478773576839,0.9901838278832866,36.76519048294534,0.10331668735386658
kodim12,val,jpeg,True,85.0,1179648,79598,14.82007085605166,2.3923340486362576,2.188666956499219,7.9013417561848955,39.153795141562455,0.9512153064895612,0.9937078364829945,38.65633209754003,0.03082203755288523
kodim12,val,jpeg,True,95.0,1179648,156025,7.5606345136997275,2.688750042580068,3.0665829544886947,3.0691070556640625,43.26068323243106,0.9764572692395004,0.9981118250462053,45.13109297717353,0.0077073090981280585
kodim12,val,webp_lossy,True,50.0,1179648,19554,60.32770788585456,31.82833397295326,3.9864160353317857,21.343017578125,34.8382453880287,0.8932285066544302,0.9814903809735227,33.45169437273177,0.19998121761105087
kodim12,val,webp_lossy,True,75.0,1179648,28976,40.71120927664274,35.1425000699237,4.917624988593161,14.160502115885416,36.620017076347764,0.9218498676161199,0.9885483009640378,36.122365230456225,0.169149161697068
kodim12,val,webp_lossy,True,85.0,1179648,48674,24.235690512388544,40.02295807003975,5.741458968259394,7.926338195800781,39.140077622822275,0.9520253016944892,0.9932484635767796,39.657782059275696,0.15345763147743346
kodim12,val,webp_lossy,True,95.0,1179648,111236,10.604912078823402,52.488124929368496,9.954959037713706,3.22318606906467,43.04794983548093,0.9781295983686383,0.9975544627803251,45.19719488161271,0.03270998045336523
kodim15,val,png,False,,1179648,621734,1.8973516005236966,37.79570898041129,11.074667098000646,0.0,inf,1.0,1.0,100.0,0.032114254780518096
kodim15,val,webp_lossless,False,100.0,1179648,430308,2.7414038316740568,551.7434170469642,12.03208405058831,0.0,inf,1.0,1.0,100.0,0.032114254780518096
kodim15,val,jpeg,True,50.0,1179648,42017,28.075493252731036,3.351874998770654,1.9793749088421464,27.00068579779731,33.817055658046044,0.8956620006140034,0.9056393547230658,35.75149598451518,0.347382293658587
kodim15,val,jpeg,True,75.0,1179648,63933,18.45131622166956,2.3955840151757,2.1383330458775163,15.591623942057291,36.2018900947993,0.9294011484696211,0.9385138059665024,37.98334919933774,0.17217354586720152
kodim15,val,jpeg,True,85.0,1179648,88714,13.297202245417859,2.527666976675391,2.41800001822412,9.963162740071615,38.146831366486424,0.9483859235257314,0.9559551516988563,39.650527957109695,0.08188524764930386
kodim15,val,jpeg,True,95.0,1179648,171952,6.86033311621848,2.8771250508725643,3.2773750135675073,3.4688958062065973,42.72889105554276,0.9762106019812128,0.9796225723110592,43.633627493189465,0.02608808374112843
kodim15,val,webp_lossy,True,50.0,1179648,22574,52.256932754496326,32.29220793582499,4.367541987448931,27.41973622639974,33.75017088239729,0.8909841572957168,0.8939059911807565,35.42675624047576,0.18745211834846287
kodim15,val,webp_lossy,True,75.0,1179648,32878,35.879554717440236,35.50920798443258,5.176334059797227,18.624467637803818,35.4299649315327,0.9174030564744768,0.9211332627562291,36.89924138709529,0.19983496458615077
kodim15,val,webp_lossy,True,85.0,1179648,54162,21.77999335327351,44.83258305117488,6.672749994322658,10.202719794379341,38.043644014355486,0.9489081388630627,0.952186110172907,39.29991278617746,0.21078303498038597
kodim15,val,webp_lossy,True,95.0,1179648,116712,10.107341147439852,52.62458301149309,10.839540977030993,4.395350986056858,41.70086799951535,0.9760716987784875,0.9793285066758269,43.37293228568967,0.08317630210296224
kodim23,val,png,False,,1179648,533623,2.2106393465049297,20.131791941821575,5.761082982644439,0.0,inf,1.0,1.0,100.0,0.4768402295795308
kodim23,val,webp_lossless,False,100.0,1179648,484486,2.4348443505075483,453.1610410194844,7.234249962493777,0.0,inf,1.0,1.0,100.0,0.4768402295795308
kodim23,val,jpeg,True,50.0,1179648,54108,21.80172987358616,2.449708990752697,2.1938750287517905,239.68594868977866,24.334377860973454,0.7087084235255933,0.4553627301372492,19.636759110959257,0.8133831206788817
kodim23,val,jpeg,True,75.0,1179648,123516,9.550568347420578,2.6758330641314387,3.191458061337471,162.889276292589,26.011878671073084,0.8494823327135311,0.7273410791233332,22.79434149948343,0.5751360401841775
kodim23,val,jpeg,True,85.0,1179648,184778,6.3841366396432475,2.8758340049535036,3.417916945181787,75.20981089274089,29.368058641770325,0.930235291571794,0.8779428766828119,26.949446547686474,0.5886156598389942
kodim23,val,jpeg,True,95.0,1179648,327829,3.598363781117595,3.6298329941928387,5.482250009663403,9.125148349338108,38.5284042727088,0.9892074024833075,0.9834501263866925,36.02650709678415,0.5370508188884014
kodim23,val,webp_lossy,True,50.0,1179648,38016,31.03030303030303,32.970207976177335,5.758000072091818,236.5113321940104,24.392284065280325,0.725825467025217,0.4841367263061842,20.39478056398608,0.645160329150258
kodim23,val,webp_lossy,True,75.0,1179648,54710,21.561835130689087,37.201875005848706,7.5971250189468265,208.7500720553928,24.934537268044664,0.7554948353808543,0.5401469897271584,20.841202465199192,0.6422889694972782
kodim23,val,webp_lossy,True,85.0,1179648,81760,14.428180039138944,42.669833987019956,9.211166063323617,184.56322309705945,25.469351950405844,0.7804484760224559,0.5875898426800584,21.316394565488107,0.6447880830984734
kodim23,val,webp_lossy,True,95.0,1179648,127856,9.226379677136778,49.065624945797026,12.581957969814539,173.35743628607855,25.741378851163823,0.7908530397062837,0.6072347950625067,21.488219977465313,0.6492533271623478
edge_03_dense_texture,val,png,False,,1179648,201892,5.842965545935451,22.732916986569762,7.744292030110955,0.0,inf,1.0,1.0,100.0,0.0015481137456204678
edge_03_dense_texture,val,webp_lossless,False,100.0,1179648,104818,11.254250224198135,555.5903750937432,6.679708021692932,0.0,inf,1.0,1.0,100.0,0.0015481137456204678
edge_03_dense_texture,val,jpeg,True,50.0,1179648,91266,12.925382946551837,3.2294999109581113,2.357000019401312,22.57262929280599,34.59498211588553,0.9597625937766416,1.0,100.0,0.0011388483965014578
edge_03_dense_texture,val,jpeg,True,75.0,1179648,124852,9.448370871111395,2.587374998256564,3.1401669839397073,11.53038109673394,37.512366992390014,0.9775214455365732,1.0,100.0,0.0016042780748663102
edge_03_dense_texture,val,jpeg,True,85.0,1179648,156837,7.521490464622506,2.8603749815374613,3.3432079944759607,7.489590962727864,39.38622261123182,0.9850341482265419,1.0,100.0,0.001283477368015744
edge_03_dense_texture,val,jpeg,True,95.0,1179648,245659,4.801973467285953,3.109667100943625,3.542125108651817,3.0339330037434897,43.31074374537753,0.9929980861206834,1.0,100.0,0.0018380049291950374
edge_03_dense_texture,val,webp_lossy,True,50.0,1179648,47366,24.9049529198159,42.71037504076958,7.093042018823326,60.44660864935981,30.31708421033988,0.9137426935736815,1.0,100.0,0.0059116465863453815
edge_03_dense_texture,val,webp_lossy,True,75.0,1179648,60724,19.42638824846848,46.98912508320063,7.755207945592701,41.17156473795573,31.98482988061674,0.9374804589691325,1.0,100.0,0.010088070456365093
edge_03_dense_texture,val,webp_lossy,True,85.0,1179648,82730,14.259011241387647,50.78575003426522,9.819958941079676,25.448384602864582,34.074201412021296,0.9612862065582323,1.0,100.0,0.007762941933194339
edge_03_dense_texture,val,webp_lossy,True,95.0,1179648,125760,9.380152671755726,58.34766593761742,13.3380830520764,16.853238423665363,35.86396996052632,0.9766390698852231,1.0,100.0,0.0032679738562091504
kodim03,test,png,False,,1179648,551636,2.13845361796547,35.92958301305771,9.420249960385263,0.0,inf,1.0,1.0,100.0,0.019811186139534455
kodim03,test,webp_lossless,False,100.0,1179648,386016,3.055956229793584,2110.7687080511823,12.711792020127177,0.0,inf,1.0,1.0,100.0,0.019811186139534455
kodim03,test,jpeg,True,50.0,1179648,36588,32.24139061987537,2.301041968166828,1.8878340488299727,19.302661471896702,35.274631667373896,0.920883843304678,0.9355719580044953,35.924985762189685,0.2859766079096581
kodim03,test,jpeg,True,75.0,1179648,54097,21.806163003493726,2.532457932829857,2.0542920101433992,11.053108215332031,37.6959593886929,0.9486548483069409,0.9630402598337086,38.97122596250742,0.14741947248021445
kodim03,test,jpeg,True,85.0,1179648,73743,15.996745453805785,2.4219590704888105,2.8792499797418714,6.98884752061632,39.686747955231915,0.9631892052568022,0.9736476268894125,40.75660105790138,0.07542928475223735
kodim03,test,jpeg,True,95.0,1179648,143492,8.221001867699941,2.744416007772088,3.6409590393304825,2.63034905327691,43.93066976692482,0.9805676803450325,0.9858382139175589,44.65597144863807,0.014103199155116498
kodim03,test,webp_lossy,True,50.0,1179648,17928,65.79919678714859,39.13891699630767,4.662749939598143,20.13622283935547,35.09102352141325,0.9187283003264485,0.9325401464637093,35.31461776522865,0.21381268817858337
kodim03,test,webp_lossy,True,75.0,1179648,25558,46.155724235073166,34.20462494250387,4.9761669943109155,13.301654391818577,36.89174701212509,0.9396887279353573,0.9481141693848979,37.16497765642332,0.1992372052157591
kodim03,test,webp_lossy,True,85.0,1179648,41016,28.760678759508483,38.90579100698233,5.894792033359408,7.5074717203776045,39.37586655921912,0.9600420913782904,0.9650437682015179,39.53430187988496,0.1872263591546868
kodim03,test,webp_lossy,True,95.0,1179648,90854,12.983996301758866,49.506957991980016,9.042875026352704,3.547453138563368,42.63163693679276,0.9781600473772855,0.9813456501690339,42.783432209502905,0.08450205642475535
kodim05,test,png,False,,1179648,802262,1.470402437109074,32.84004202578217,11.628667009063065,0.0,inf,1.0,1.0,100.0,0.0351039533784848
kodim05,test,webp_lossless,False,100.0,1179648,568636,2.0745221899422477,713.1460419623181,11.725374963134527,0.0,inf,1.0,1.0,100.0,0.0351039533784848
kodim05,test,jpeg,True,50.0,1179648,79533,14.832182867488967,2.606750000268221,2.425875049084425,62.9270011054145,30.142433256785676,0.9082841467790276,0.9159295623200294,30.928759305610907,0.026396944405149243
kodim05,test,jpeg,True,75.0,1179648,117688,10.023519815104343,2.612499985843897,2.75891600176692,31.728758070203995,33.116272876270344,0.9474044322340035,0.9513955566120983,33.799790552824135,0.0073139142138811996
kodim05,test,jpeg,True,85.0,1179648,157164,7.5058410322974725,2.7781249955296516,3.080916008912027,17.602681477864582,35.675015304210696,0.9672105258396403,0.9696200657753303,36.25658105325097,0.0027536830510808204
kodim05,test,jpeg,True,95.0,1179648,271656,4.342433077126954,3.331374959088862,3.9329170249402523,4.68534172905816,41.423390888817025,0.9886866289046804,0.9896222424554407,41.86163440562226,0.003025100155342981
kodim05,test,webp_lossy,True,50.0,1179648,60524,19.490582248364284,43.026333092711866,7.3448329931125045,46.31588829888238,31.47350363006188,0.9286781856422524,0.9347708025123703,32.473842629675275,0.038855002161279475
kodim05,test,webp_lossy,True,75.0,1179648,80714,14.615159699680353,47.0950830494985,8.625000016763806,28.403581407335068,33.59707257180743,0.9539689420817362,0.9573477338116944,34.462534975377864,0.03750607045463036
kodim05,test,webp_lossy,True,85.0,1179648,113078,10.432161870567219,52.01379198115319,11.118249967694283,14.744485643174913,36.444507339446325,0.9740773660239609,0.9755239179066184,37.32942768650544,0.0358763863125074
kodim05,test,webp_lossy,True,95.0,1179648,187242,6.300124971961419,62.810709001496434,15.899208025075495,5.833220587836371,40.47171960939059,0.9891768945003591,0.9902285965742271,41.73324213470312,0.012354492632914906
kodim22,test,png,False,,1179648,533727,2.2102085897846653,25.25733399670571,8.60637507867068,0.0,inf,1.0,1.0,100.0,0.47685249000649826
kodim22,test,webp_lossless,False,100.0,1179648,484826,2.433136836720803,391.2981250323355,8.665084023959935,0.0,inf,1.0,1.0,100.0,0.47685249000649826
kodim22,test,jpeg,True,50.0,1179648,54112,21.80011827321112,2.4127920623868704,2.318959101103246,240.7963121202257,24.31430529603139,0.7080881403129221,0.45208392423976856,19.48117775050651,0.8136710775047259
kodim22,test,jpeg,True,75.0,1179648,124078,9.507309917954835,2.7433750219643116,3.040167037397623,163.33580186631946,25.999989719132245,0.8501172184342143,0.7273746572395212,22.784633255159076,0.5756781859849976
kodim22,test,jpeg,True,85.0,1179648,185138,6.371722714947769,2.8698330279439688,3.3963749883696437,75.21572028266058,29.367717421046052,0.9306972193840215,0.8785632841607249,26.889358354263052,0.5883357723292995
kodim22,test,jpeg,True,95.0,1179648,327985,3.59665228592771,3.478499944321811,5.18158299382776,9.135364956325954,38.5235445883973,0.9892459658627698,0.9835668511838699,35.87544376374514,0.5369862068625664
kodim22,test,webp_lossy,True,50.0,1179648,37852,31.164746909014056,32.744625001214445,6.736292038112879,237.24213070339627,24.378885450321057,0.7253151372425042,0.48157571721868625,20.086951126932572,0.6450080419372133
kodim22,test,webp_lossy,True,75.0,1179648,54504,21.64332892998679,36.38383303768933,7.282500038854778,209.53775533040366,24.918180736403627,0.755417198505898,0.5374783549272502,20.537310303863016,0.6372114492185368
kodim22,test,webp_lossy,True,85.0,1179648,81520,14.470657507360157,41.11350001767278,8.904541959054768,185.28060743543836,25.45250395000261,0.7802700955701405,0.5858985684300521,21.0644170739338,0.6507092985962055
kodim22,test,webp_lossy,True,95.0,1179648,127958,9.219024992575688,45.66366702783853,12.201291974633932,174.14834849039713,25.72161000620358,0.7907035651878719,0.604672299994818,21.20138736257784,0.646448138540072
kodim02,test,png,False,,1179648,629429,1.8741557824631532,32.453125109896064,10.09987504221499,0.0,inf,1.0,1.0,100.0,0.015391103966357175
kodim02,test,webp_lossless,False,100.0,1179648,452090,2.6093211528677918,462.8421659581363,12.133207987062633,0.0,inf,1.0,1.0,100.0,0.015391103966357175
kodim02,test,jpeg,True,50.0,1179648,42630,27.671780436312456,2.407709020189941,2.0457919454202056,27.794537014431423,33.69120916663229,0.8664277521195487,0.9125590042884443,33.67974438765228,0.22908772952491985
kodim02,test,jpeg,True,75.0,1179648,68223,17.291060199639418,2.625499968416989,2.451834036037326,16.720130072699654,35.89840709198168,0.9107764521078522,0.9464553473752442,36.09142419535074,0.043984059641148786
kodim02,test,jpeg,True,85.0,1179648,97113,12.147168762163664,2.5390000082552433,2.5732499780133367,10.865364074707031,37.770360777044935,0.9365780944869632,0.9634177752240332,38.03069607141563,0.008625347455034274
kodim02,test,jpeg,True,95.0,1179648,189105,6.238058221622908,2.975250012241304,3.4307920141145587,3.8690973917643228,42.25470699078048,0.9723626152469803,0.9834053109722319,42.38166181581707,0.0030113563863723362
kodim02,test,webp_lossy,True,50.0,1179648,21974,53.68380813688905,32.985708909109235,4.438583040609956,29.668614705403645,33.40783092267429,0.858105254297945,0.8983387535313149,31.994618636596925,0.1899161842218958
kodim02,test,webp_lossy,True,75.0,1179648,33988,34.70777921619395,36.4226249512285,4.896042053587735,19.78595733642578,35.16723292575263,0.8971635166599436,0.9280739463430867,34.43281530087664,0.1455176391517191
kodim02,test,webp_lossy,True,85.0,1179648,56352,20.933560477001702,42.103333049453795,6.486917030997574,11.451852586534288,37.542046119188704,0.9348222943284554,0.9550316546507613,36.7436371781878,0.10416193579391526
kodim02,test,webp_lossy,True,95.0,1179648,130610,9.031835234668096,57.31149995699525,11.600084020756185,4.7813220553927955,41.33532363424088,0.9735144935496401,0.9807678534312306,39.702105317028035,0.01341765226076943
kodim14,test,png,False,,1179648,729338,1.6174229232536903,40.08066700771451,11.561374994926155,0.0,inf,1.0,1.0,100.0,0.03595261497077233
kodim14,test,webp_lossless,False,100.0,1179648,516136,2.285537145248539,741.5399169549346,12.040750007145107,0.0,inf,1.0,1.0,100.0,0.03595261497077233
kodim14,test,jpeg,True,50.0,1179648,66248,17.8065451032484,2.43237498216331,2.1392909111455083,49.485191345214844,31.18605106969921,0.8823029306538266,0.9085774166676884,33.60009203308045,0.0544277384504378
kodim14,test,jpeg,True,75.0,1179648,99087,11.905174240818674,2.4655420565977693,2.3892910685390234,27.887619018554688,33.67668924093587,0.9263179975910325,0.941431582949263,36.072654249264716,0.014549513384377386
kodim14,test,jpeg,True,85.0,1179648,134355,8.780082616947638,2.6417499175295234,2.750708954408765,16.783171759711372,35.88206321683251,0.9512282506697058,0.9591535488952185,38.067792382772026,0.004248832999904735
kodim14,test,jpeg,True,95.0,1179648,242793,4.858657374800756,3.0935409013181925,3.685374977067113,4.617746141221788,41.486503067988714,0.9834888001904053,0.9820536817479323,42.73858683081299,0.0028927178971198592
kodim14,test,webp_lossy,True,50.0,1179648,48384,24.38095238095238,40.52058304660022,6.055332953110337,43.509674072265625,31.74494530830691,0.8949029173492145,0.9116097636737506,33.92379647746033,0.05283835135925168
kodim14,test,webp_lossy,True,75.0,1179648,67054,17.592507531243477,44.35904195997864,7.428291020914912,27.858995225694443,33.68114911945992,0.930969171028578,0.9355081401444115,35.49609942104879,0.056746602606181654
kodim14,test,webp_lossy,True,85.0,1179648,100676,11.717271246374509,50.16808304935694,9.67887497972697,14.657868279351128,36.47009546212971,0.9639128892701616,0.9624524436489496,37.94544526220239,0.04016559785696891
kodim14,test,webp_lossy,True,95.0,1179648,168616,6.996062058167671,59.96020801831037,14.165917062200606,6.601114908854167,39.934630680728574,0.9853494686272332,0.9829055061084592,40.9504589475863,0.01761706073249884
kodim09,test,png,False,,1179648,587092,2.0093068888692063,32.98420901410282,9.54991695471108,0.0,inf,1.0,1.0,100.0,0.013767184921058837
kodim09,test,webp_lossless,False,100.0,1179648,435964,2.705838096723583,500.1891249557957,11.243790970183909,0.0,inf,1.0,1.0,100.0,0.013767184921058837
kodim09,test,jpeg,True,50.0,1179648,36747,32.10188586823414,2.2571670124307275,1.7087500309571624,20.464494493272568,35.02079339543292,0.9148066472356448,0.9659008407392656,31.887090259593606,0.36167832414242673
kodim09,test,jpeg,True,75.0,1179648,54966,21.46141250955136,2.2105840034782887,1.9579590298235416,12.060815599229601,37.3170368338981,0.9357946396907108,0.9798153332710257,34.551774821796755,0.08573238010712646
kodim09,test,jpeg,True,85.0,1179648,78054,15.113229302790376,2.503582974895835,2.521375077776611,7.972818162706163,39.11468501682852,0.9484258442314827,0.986480087864431,37.19093049885646,0.014612283988786246
kodim09,test,jpeg,True,95.0,1179648,160695,7.340912909549146,2.7756670024245977,3.1086669769138098,3.3849275377061634,42.83530984836762,0.9707523714497905,0.9940077121436864,42.08139674599215,0.003464080959656315
kodim09,test,webp_lossy,True,50.0,1179648,19270,61.216813700051894,31.38645796570927,4.0692079346627,20.162826538085938,35.08528946990892,0.9172386356861381,0.9627242429975451,31.68707600343101,0.2871200533396086
kodim09,test,webp_lossy,True,75.0,1179648,26332,44.79902779887589,33.41249993536621,4.5487090246751904,14.036339653862846,36.658264920616716,0.9298148228572245,0.9740111684690537,33.58427346039942,0.26091905362876816
kodim09,test,webp_lossy,True,85.0,1179648,44790,26.337307434695244,39.227208006195724,5.980249959975481,8.501595391167534,38.83579928734176,0.9457722899392579,0.9843482336653037,36.51231635330433,0.1324431218765893
kodim09,test,webp_lossy,True,95.0,1179648,118358,9.966778755977627,53.9749579038471,10.81087498459965,3.4276529947916665,42.780835120494345,0.9759565955640969,0.9927609131897699,40.23529433704109,0.013110128088612616
edge_04_sharp_ui_graphics,test,png,False,,1179648,3284,359.21071863581,3.7506670923903584,1.8113339319825172,0.0,inf,1.0,1.0,100.0,1.0
edge_04_sharp_ui_graphics,test,webp_lossless,False,100.0,1179648,546,2160.5274725274726,10.580000001937151,1.7259579617530107,0.0,inf,1.0,1.0,100.0,1.0
edge_04_sharp_ui_graphics,test,jpeg,True,50.0,1179648,23820,49.52342569269521,1.9913329742848873,1.4618330169469118,19.498586018880207,35.23077242144526,0.9780536250112758,0.9400868491267149,32.80351669511066,0.9569370978579151
edge_04_sharp_ui_graphics,test,jpeg,True,75.0,1179648,29396,40.12954143420873,1.828333013691008,1.2396659003570676,8.61395009358724,38.778780095943894,0.9840025044573015,0.9546757229958274,35.54604447066292,0.9456964083093305
edge_04_sharp_ui_graphics,test,jpeg,True,85.0,1179648,35308,33.41021864733205,1.7999589908868074,1.2443329906091094,4.1971689860026045,41.90123905782933,0.9887775574875239,0.966927160913427,38.26012877120285,0.942783804595993
edge_04_sharp_ui_graphics,test,jpeg,True,95.0,1179648,46659,25.2823249533852,1.8187499372288585,1.3124579563736916,0.6937349107530382,49.71886810860362,0.9970272029056062,0.9910163770721385,45.67965699906523,0.9505700371466853
edge_04_sharp_ui_graphics,test,webp_lossy,True,50.0,1179648,4856,242.92586490939044,20.024582976475358,2.027207985520363,27.67295159233941,33.710248774804136,0.9744836148980123,0.9312689286271885,34.33763611048362,0.8686680047865626
edge_04_sharp_ui_graphics,test,webp_lossy,True,75.0,1179648,5844,201.85626283367557,19.73779103718698,2.358584082685411,23.436256408691406,34.43192120027455,0.9765524963967139,0.937429939362766,35.345522759579744,0.8808693880323304
edge_04_sharp_ui_graphics,test,webp_lossy,True,85.0,1179648,7084,166.5228684359119,19.685167004354298,2.264083013869822,22.354366726345486,34.63717989555797,0.9790312778884734,0.9455004844436377,35.97456031524957,0.8975389807627404
edge_04_sharp_ui_graphics,test,webp_lossy,True,95.0,1179648,9984,118.15384615384616,21.237166016362607,2.57441692519933,21.453108893500435,34.815901236732046,0.9801879392983676,0.9497126250427913,36.28655655395393,0.9069187048158822
edge_02_dark_noisy,test,png,False,,1179648,890005,1.3254397447205353,31.86304192058742,8.311499957926571,0.0,inf,1.0,1.0,100.0,0.0014375760256552029
edge_02_dark_noisy,test,webp_lossless,False,100.0,1179648,761444,1.5492248937544981,445.3018329804763,9.626124985516071,0.0,inf,1.0,1.0,100.0,0.0014375760256552029
edge_02_dark_noisy,test,jpeg,True,50.0,1179648,39822,29.623022449902063,2.2696249652653933,1.9205419812351465,112.6297624376085,27.61427192781833,0.4461568441586583,0.4494193125006866,27.621859251391705,0.005134801506208442
edge_02_dark_noisy,test,jpeg,True,75.0,1179648,84068,14.032069277251749,2.4449999909847975,2.34495906624943,102.35869004991319,28.02955641563417,0.5295394604453525,0.5350525981131898,28.034554643207844,0.0012940415269690018
edge_02_dark_noisy,test,jpeg,True,85.0,1179648,172962,6.8202726610469355,2.994125010445714,3.8635419914498925,85.08718956841363,28.832161817297187,0.6745530194395976,0.679440724057604,28.833968331501808,0.0011221336802732151
edge_02_dark_noisy,test,jpeg,True,95.0,1179648,424279,2.7803591504646707,4.16141701862216,6.148500018753111,15.609104580349392,36.19702370487556,0.9455117052897585,0.9466934980907219,36.19706774354641,0.0011348233143145352
edge_02_dark_noisy,test,webp_lossy,True,50.0,1179648,27596,42.74706479199884,35.68700002506375,4.5331669971346855,115.56051466200087,27.502708935111777,0.45250418521910474,0.45114559287206984,27.507934132069746,0.1060711608250569
edge_02_dark_noisy,test,webp_lossy,True,75.0,1179648,58422,20.19184553763993,43.53262495715171,6.613917066715658,106.70745086669922,27.84885615695384,0.5340848340602855,0.5346450385936967,27.853682087815827,0.01550234444971287
edge_02_dark_noisy,test,webp_lossy,True,85.0,1179648,111360,10.593103448275862,51.84541700873524,11.124292039312422,88.92814636230469,28.640411209868862,0.6115523687530061,0.6138325949697748,28.645773770987635,0.0013410611338903105
edge_02_dark_noisy,test,webp_lossy,True,95.0,1179648,198830,5.93294774430418,65.77145808842033,17.320833052508533,77.60103013780382,29.232128744010318,0.6567005813819702,0.6599015482482046,29.238391425168473,0.0010793392566637468
